Power,Yeo,Gordon
12.8787878787879,46.4912280701754,29.1291291291291
9.46969696969697,32.4561403508772,28.5285285285285
1.13636363636364,14.0350877192982,10.2102102102102
