Power,Yeo,Gordon
83.3333333333333,95.6140350877193,87.6876876876877
17.8030303030303,61.4035087719298,36.036036036036
98.1060606060606,99.1228070175439,98.4984984984985
