Power,Yeo,Gordon
5.3030303030303,85.0877192982456,31.5315315315315
0,0.87719298245614,2.7027027027027
85.6060606060606,95.6140350877193,93.3933933933934
