Power,Yeo,Gordon
71.969696969697,95.6140350877193,73.8738738738739
15.530303030303,63.1578947368421,33.033033033033
93.1818181818182,98.2456140350877,94.2942942942943
