Power,Yeo,Gordon,ICA200
17.0454545454545,92.9824561403509,42.9429429429429,39.5
0,0.87719298245614,2.7027027027027,2.5
51.5151515151515,97.3684210526316,75.975975975976,66.5
