Power,Yeo,Gordon
14.3939393939394,92.9824561403509,42.9429429429429
0,1.75438596491228,2.7027027027027
83.7121212121212,95.6140350877193,93.3933933933934
