Power,Yeo,Gordon,ICA200
81.8181818181818,95.6140350877193,86.4864864864865,71.5
21.5909090909091,61.4035087719298,36.036036036036,72
100,100,99.6996996996997,100
